scene_id,disaster,pre_black_fraction,post_black_fraction,pre_brightness,post_brightness,pre_contrast,post_contrast,mean_abs_rgb_change
hurricane-michael_00000307,hurricane-michael,0.0,0.0,80.1561050415039,88.06796264648438,24.523826599121094,23.010475158691406,18.57996940612793
hurricane-matthew_00000192,hurricane-matthew,0.0,0.0,73.40259552001953,69.46733856201172,16.283357620239258,12.365899085998535,13.90646743774414
socal-fire_00001115,socal-fire,0.1394314236111111,0.1257595486111111,89.06851196289062,84.28201293945312,45.35316467285156,40.61782455444336,16.634729385375977
hurricane-michael_00000485,hurricane-michael,0.0,0.0,74.30815124511719,72.6479721069336,30.160907745361328,28.31476402282715,9.92198371887207
palu-tsunami_00000024,palu-tsunami,0.0020616319444444445,0.0,104.46737670898438,100.8286361694336,27.10676383972168,28.83062171936035,13.082826614379883
midwest-flooding_00000406,midwest-flooding,0.0,0.0,55.26805114746094,97.04093933105469,9.875789642333984,11.524312019348145,43.144134521484375
socal-fire_00000403,socal-fire,0.0,0.0,67.29441833496094,80.67686462402344,17.003217697143555,24.917564392089844,19.751880645751953
socal-fire_00000065,socal-fire,0.0,0.0,78.6181640625,76.66041564941406,22.427082061767578,19.773895263671875,6.49891471862793
midwest-flooding_00000061,midwest-flooding,0.0,0.0,91.48883056640625,94.81514739990234,39.360389709472656,42.404476165771484,12.954933166503906
hurricane-michael_00000344,hurricane-michael,0.0,0.0,94.60698699951172,87.19024658203125,30.826318740844727,27.739702224731445,14.867259979248047
socal-fire_00000740,socal-fire,0.0,0.0,57.01686096191406,62.56228256225586,16.34496307373047,20.5324649810791,11.867982864379883
socal-fire_00001083,socal-fire,0.0,0.0,58.02333068847656,60.03870391845703,15.216397285461426,21.22991371154785,11.408166885375977
palu-tsunami_00000109,palu-tsunami,0.0,0.0,90.41468048095703,92.79829406738281,23.549625396728516,31.005985260009766,14.818938255310059
hurricane-michael_00000195,hurricane-michael,0.0,0.0,87.50546264648438,88.24638366699219,23.812057495117188,27.26422882080078,21.68174934387207
socal-fire_00000230,socal-fire,0.0,0.0,73.6631851196289,75.54267883300781,22.698795318603516,19.9310359954834,10.78797721862793
hurricane-harvey_00000197,hurricane-harvey,0.0,0.0,101.22457122802734,85.193359375,31.555967330932617,30.986003875732422,24.10774803161621
hurricane-matthew_00000043,hurricane-matthew,0.0,0.0,91.53888702392578,92.49229431152344,41.93296432495117,23.85346031188965,27.92035675048828
socal-fire_00001136,socal-fire,0.0,0.0,95.45529174804688,104.35163116455078,29.04399299621582,39.10050964355469,16.473018646240234
hurricane-florence_00000515,hurricane-florence,0.22471788194444445,0.2197265625,52.59931945800781,49.16753387451172,37.33213424682617,31.246231079101562,10.053892135620117
hurricane-michael_00000324,hurricane-michael,0.0,0.0,69.94795227050781,59.05335235595703,20.682720184326172,34.576744079589844,26.03407096862793
santa-rosa-wildfire_00000006,santa-rosa-wildfire,0.020833333333333332,0.020833333333333332,104.7345199584961,107.83377075195312,35.913238525390625,36.66107177734375,17.216291427612305
socal-fire_00001275,socal-fire,0.0,0.0,66.62138366699219,71.02665710449219,15.694600105285645,16.490753173828125,9.917281150817871
hurricane-harvey_00000100,hurricane-harvey,0.0,0.0,97.00245666503906,132.83126831054688,20.101951599121094,25.992149353027344,41.418365478515625
socal-fire_00000838,socal-fire,0.0,0.0,75.56311798095703,72.93814086914062,15.37065315246582,14.400599479675293,8.156720161437988
hurricane-matthew_00000072,hurricane-matthew,0.041666666666666664,0.047417534722222224,82.8984375,81.49699401855469,28.15825653076172,28.540313720703125,15.359700202941895
hurricane-harvey_00000153,hurricane-harvey,0.0,0.0,81.59187316894531,106.36801147460938,36.87662887573242,44.95531463623047,36.888275146484375
socal-fire_00000915,socal-fire,0.0,0.0,63.74605941772461,69.60192108154297,18.801156997680664,19.58303451538086,10.678349494934082
hurricane-matthew_00000289,hurricane-matthew,0.0,0.0,88.06673431396484,89.65263366699219,35.2243766784668,29.909740447998047,25.348705291748047
santa-rosa-wildfire_00000280,santa-rosa-wildfire,0.0,0.0,107.9675521850586,60.11139678955078,21.89573097229004,23.595836639404297,50.14247131347656
mexico-earthquake_00000004,mexico-earthquake,0.015733506944444444,0.0,77.96025085449219,78.4608383178711,27.99414825439453,25.674413681030273,13.685980796813965
hurricane-matthew_00000316,hurricane-matthew,0.0,0.0,81.47388458251953,87.5145034790039,23.754072189331055,21.82234001159668,19.011247634887695
hurricane-harvey_00000111,hurricane-harvey,0.0,0.0,116.00360870361328,130.1220703125,39.0311164855957,26.855121612548828,26.7353515625
palu-tsunami_00000043,palu-tsunami,0.0,0.0,101.62014770507812,99.8680191040039,31.263925552368164,34.74977493286133,12.568323135375977
hurricane-harvey_00000442,hurricane-harvey,0.0,0.0,70.5860824584961,70.74048614501953,24.134584426879883,22.050565719604492,15.953667640686035
socal-fire_00000027,socal-fire,0.5951605902777778,0.5940755208333334,19.85275650024414,15.881546020507812,29.188913345336914,24.993305206298828,4.741464138031006
hurricane-harvey_00000258,hurricane-harvey,0.0,0.0,70.82146453857422,49.19834899902344,9.829042434692383,34.932838439941406,37.13324737548828
hurricane-florence_00000353,hurricane-florence,0.0,0.0,73.62464141845703,78.76004791259766,25.696916580200195,20.05314064025879,14.546151161193848
hurricane-michael_00000075,hurricane-michael,0.0,0.0,106.83329772949219,101.50550079345703,38.87161636352539,37.762733459472656,14.51443099975586
midwest-flooding_00000096,midwest-flooding,0.0,0.0,88.75736999511719,76.24002075195312,21.619976043701172,23.088109970092773,16.988136291503906
palu-tsunami_00000077,palu-tsunami,0.8020833333333334,0.8020833333333334,15.030598640441895,15.74406909942627,31.360511779785156,34.12883758544922,2.6466290950775146
socal-fire_00000025,socal-fire,0.0361328125,0.0361328125,66.92881774902344,65.46342468261719,31.528017044067383,27.47957420349121,11.361870765686035
midwest-flooding_00000145,midwest-flooding,0.0,0.0,60.77184295654297,60.80012893676758,15.719832420349121,22.959518432617188,12.430989265441895
socal-fire_00000149,socal-fire,0.0,0.0,61.84783172607422,76.65093231201172,9.874724388122559,16.6980037689209,16.55989646911621
hurricane-florence_00000476,hurricane-florence,0.0,0.0,52.63566589355469,56.6247444152832,17.97368049621582,8.816758155822754,14.20203971862793
midwest-flooding_00000371,midwest-flooding,0.0,0.0,77.27011108398438,74.04972839355469,24.4343204498291,24.459163665771484,14.071361541748047
hurricane-harvey_00000391,hurricane-harvey,0.0,0.0,81.04438781738281,81.6297378540039,23.935495376586914,26.905269622802734,19.515769958496094
socal-fire_00001156,socal-fire,0.4193793402777778,0.4184027777777778,41.86921310424805,47.868560791015625,40.47689437866211,43.22887420654297,9.42860221862793
midwest-flooding_00000427,midwest-flooding,0.0,0.0,47.105682373046875,53.2890625,13.209033966064453,13.829514503479004,11.318070411682129
midwest-flooding_00000027,midwest-flooding,0.0,0.0,59.14706039428711,53.49048614501953,16.099313735961914,23.187284469604492,17.45345115661621
hurricane-matthew_00000040,hurricane-matthew,0.21278211805555555,0.201171875,68.77046966552734,71.78044891357422,45.87137222290039,41.02292251586914,18.10633659362793
santa-rosa-wildfire_00000313,santa-rosa-wildfire,0.0,0.0,86.71794891357422,75.64022827148438,21.621097564697266,21.29448699951172,13.803059577941895
hurricane-matthew_00000343,hurricane-matthew,0.3948567708333333,0.3958333333333333,65.39591217041016,66.07678985595703,66.48295593261719,62.987213134765625,17.07693099975586
hurricane-michael_00000141,hurricane-michael,0.0,0.0,89.68887329101562,92.38201904296875,27.68453025817871,26.86739730834961,19.68641471862793
hurricane-harvey_00000207,hurricane-harvey,0.0,0.0,92.75,100.48307037353516,44.295867919921875,44.15400695800781,18.369718551635742
hurricane-michael_00000463,hurricane-michael,0.1570095486111111,0.1596137152777778,71.34639739990234,63.03515625,42.443477630615234,39.358272552490234,12.336407661437988
hurricane-michael_00000309,hurricane-michael,0.0,0.0,99.51844024658203,96.11978912353516,30.06572723388672,27.65433692932129,20.07899284362793
socal-fire_00001394,socal-fire,0.0,0.0,87.23050689697266,73.22840881347656,10.786663055419922,17.987152099609375,18.679325103759766
socal-fire_00000618,socal-fire,0.0,0.0,89.9794921875,89.83676147460938,30.190263748168945,33.81472396850586,9.922308921813965
santa-rosa-wildfire_00000138,santa-rosa-wildfire,0.0,0.0,95.34034729003906,89.82089233398438,21.41143226623535,23.816205978393555,13.741826057434082
palu-tsunami_00000148,palu-tsunami,0.0,0.0,86.37232208251953,83.59855651855469,39.35887908935547,43.43716049194336,19.22146224975586
hurricane-michael_00000405,hurricane-michael,0.0,0.0,80.62217712402344,84.71711730957031,29.822420120239258,26.67597007751465,17.778610229492188
midwest-flooding_00000233,midwest-flooding,0.0,0.0,63.95259094238281,69.50687408447266,19.120779037475586,23.321035385131836,13.07931900024414
socal-fire_00000959,socal-fire,0.0,0.0,100.28569793701172,81.32780456542969,20.58089256286621,21.479049682617188,24.127531051635742
socal-fire_00000714,socal-fire,0.0,0.0,79.05786895751953,77.59993743896484,17.786724090576172,15.803104400634766,11.160771369934082
socal-fire_00000248,socal-fire,0.0,0.0,45.69158935546875,34.814491271972656,18.277833938598633,17.01529312133789,10.990595817565918
socal-fire_00000566,socal-fire,0.0,0.0,79.36957550048828,73.97348022460938,22.74457550048828,22.36787223815918,11.787073135375977
socal-fire_00000979,socal-fire,0.0,0.0,63.93562316894531,78.64855194091797,23.57236671447754,27.849721908569336,22.600875854492188
socal-fire_00001254,socal-fire,0.0,0.0,83.58988189697266,88.19097137451172,27.458425521850586,24.9429874420166,17.769712448120117
socal-fire_00001271,socal-fire,0.048502604166666664,0.051323784722222224,77.42906951904297,84.07634735107422,38.72480773925781,36.28913879394531,15.058014869689941
santa-rosa-wildfire_00000147,santa-rosa-wildfire,0.0,0.0,97.90824127197266,97.53609466552734,28.217233657836914,25.72662353515625,16.33018684387207
hurricane-michael_00000265,hurricane-michael,0.0,0.0,96.77191162109375,92.86425018310547,27.936805725097656,26.87110710144043,18.70713996887207
hurricane-harvey_00000114,hurricane-harvey,0.0,0.0,106.32132720947266,121.88924407958984,37.775306701660156,36.16436004638672,28.72374153137207
palu-tsunami_00000033,palu-tsunami,0.0,0.0,65.34961700439453,61.36345672607422,21.465778350830078,33.837825775146484,15.673213005065918
socal-fire_00000964,socal-fire,0.0,0.0,84.78775787353516,84.16970825195312,13.632925987243652,14.271754264831543,5.272424697875977
midwest-flooding_00000154,midwest-flooding,0.0,0.0,57.98292922973633,56.59779739379883,16.00506019592285,15.810951232910156,11.65733528137207
santa-rosa-wildfire_00000149,santa-rosa-wildfire,0.0,0.0,103.53186798095703,98.85647583007812,37.58255386352539,33.82265853881836,12.063910484313965
santa-rosa-wildfire_00000117,santa-rosa-wildfire,0.0,0.0,88.79279327392578,87.0682144165039,23.09748077392578,22.346345901489258,16.883066177368164
socal-fire_00000496,socal-fire,0.0,0.0,97.06488800048828,92.85713958740234,30.95229721069336,35.583892822265625,14.776764869689941
hurricane-harvey_00000515,hurricane-harvey,0.0,0.0,96.6128158569336,103.44709014892578,35.18879699707031,37.48260498046875,16.194299697875977
hurricane-florence_00000027,hurricane-florence,0.5793185763888888,0.5903862847222222,31.961374282836914,38.40806198120117,39.90920639038086,48.86886215209961,8.453413963317871
hurricane-matthew_00000234,hurricane-matthew,0.0,0.0,83.94259643554688,82.04397583007812,23.548147201538086,22.510974884033203,21.81586456298828
hurricane-florence_00000080,hurricane-florence,0.4291449652777778,0.4244791666666667,35.73405456542969,26.500289916992188,35.506919860839844,24.471797943115234,14.159758567810059
midwest-flooding_00000388,midwest-flooding,0.0,0.0,78.12387084960938,74.0063247680664,21.001514434814453,19.36464500427246,14.334997177124023
mexico-earthquake_00000048,mexico-earthquake,0.0,0.0,101.09794616699219,86.55624389648438,27.255352020263672,23.007064819335938,21.621492385864258
socal-fire_00001270,socal-fire,0.0,0.0,117.79752349853516,101.43063354492188,38.9487419128418,25.532758712768555,36.852359771728516
hurricane-michael_00000072,hurricane-michael,0.09212239583333333,0.09657118055555555,80.97106170654297,81.4356918334961,37.587249755859375,36.6595344543457,17.306278228759766
palu-tsunami_00000189,palu-tsunami,0.0,0.0,92.93721008300781,93.88223266601562,22.925830841064453,21.422819137573242,23.623987197875977
hurricane-harvey_00000048,hurricane-harvey,0.0,0.0,89.9070816040039,87.68421173095703,22.660337448120117,35.80397033691406,36.289642333984375
palu-tsunami_00000068,palu-tsunami,0.0,0.0,95.6323471069336,95.76142883300781,21.98464012145996,28.6005916595459,14.078956604003906
hurricane-harvey_00000292,hurricane-harvey,0.0,0.0,88.28837585449219,67.7172622680664,26.369356155395508,41.41225814819336,27.33940887451172
hurricane-florence_00000512,hurricane-florence,0.3283420138888889,0.3231336805555556,31.836626052856445,34.58546447753906,29.135848999023438,26.807899475097656,6.507450580596924
hurricane-matthew_00000154,hurricane-matthew,0.0,0.0,77.62423706054688,78.18875885009766,23.121044158935547,15.209916114807129,17.405237197875977
hurricane-michael_00000343,hurricane-michael,0.0,0.005425347222222222,81.1915512084961,79.25408172607422,27.005687713623047,25.469818115234375,16.46126365661621
socal-fire_00000410,socal-fire,0.0,0.0,72.52742004394531,84.74320220947266,12.472867965698242,13.9898042678833,14.908492088317871
midwest-flooding_00000059,midwest-flooding,0.0,0.0,83.5999755859375,91.5843505859375,20.043453216552734,25.89274024963379,15.609375
socal-fire_00001216,socal-fire,0.0,0.0993923611111111,109.49280548095703,93.46910858154297,39.40169906616211,59.13675308227539,31.199617385864258
hurricane-michael_00000156,hurricane-michael,0.0,0.0,91.28638458251953,91.74345397949219,33.23369598388672,32.09027862548828,16.96712303161621
hurricane-michael_00000454,hurricane-michael,0.0,0.0,81.1796875,80.72352600097656,24.319345474243164,20.92338752746582,18.526403427124023
hurricane-michael_00000411,hurricane-michael,0.0,0.0,74.15892028808594,79.20858764648438,22.332290649414062,24.4770565032959,15.801612854003906
socal-fire_00000245,socal-fire,0.0,0.0,83.72916412353516,78.35301208496094,30.798189163208008,22.62641716003418,17.887224197387695
santa-rosa-wildfire_00000035,santa-rosa-wildfire,0.0,0.0,88.5628662109375,97.75035858154297,31.501726150512695,26.87416648864746,21.362051010131836
mexico-earthquake_00000177,mexico-earthquake,0.0,0.0,76.63320922851562,77.13671875,30.15976905822754,25.998464584350586,19.47319793701172
santa-rosa-wildfire_00000165,santa-rosa-wildfire,0.0,0.0,99.28533935546875,101.7202377319336,23.805866241455078,24.055767059326172,12.948205947875977
socal-fire_00000634,socal-fire,0.0,0.0,102.00936889648438,102.85768127441406,32.58378601074219,32.71559143066406,11.165291786193848
midwest-flooding_00000033,midwest-flooding,0.0,0.0,86.05418395996094,79.70323944091797,29.048398971557617,25.094314575195312,22.789894104003906
hurricane-matthew_00000156,hurricane-matthew,0.0,0.0,83.3054428100586,87.56478118896484,35.33626937866211,30.579139709472656,28.291160583496094
mexico-earthquake_00000179,mexico-earthquake,0.3645833333333333,0.3541666666666667,37.62738800048828,41.199649810791016,32.418128967285156,32.01995849609375,9.023726463317871
midwest-flooding_00000117,midwest-flooding,0.0,0.0,65.35475158691406,72.58391571044922,29.278335571289062,38.35279846191406,14.894386291503906
hurricane-matthew_00000219,hurricane-matthew,0.0,0.0,85.7397689819336,85.74179077148438,24.654874801635742,22.018360137939453,22.233362197875977
socal-fire_00001350,socal-fire,0.0,0.0,68.8204574584961,72.53019714355469,17.19877815246582,20.875919342041016,12.430809020996094
hurricane-matthew_00000296,hurricane-matthew,0.0,0.0,96.4140625,92.72952270507812,30.75296974182129,21.41733169555664,22.017215728759766
hurricane-michael_00000088,hurricane-michael,0.0,0.0,90.97008514404297,87.4145278930664,28.228984832763672,31.913904190063477,19.781827926635742
socal-fire_00000583,socal-fire,0.0,0.0,104.98867797851562,102.5396728515625,30.373620986938477,28.615129470825195,11.770977973937988
hurricane-florence_00000024,hurricane-florence,0.0,0.0,52.50654602050781,52.05967712402344,21.804397583007812,20.028148651123047,11.484990119934082
hurricane-matthew_00000128,hurricane-matthew,0.0,0.0,78.76509094238281,72.96148681640625,13.946131706237793,11.625909805297852,14.729094505310059
hurricane-harvey_00000408,hurricane-harvey,0.0,0.0,77.94111633300781,61.3916015625,23.21160125732422,25.145544052124023,24.096824645996094
socal-fire_00001134,socal-fire,0.0,0.0,85.61038208007812,84.6802978515625,26.407594680786133,26.924049377441406,11.128218650817871
hurricane-florence_00000330,hurricane-florence,0.0,0.0,53.29278564453125,50.46448516845703,19.314945220947266,23.165611267089844,14.283818244934082
hurricane-michael_00000303,hurricane-michael,0.0,0.0,93.1987075805664,96.12561798095703,32.15019989013672,30.133743286132812,20.254520416259766
hurricane-harvey_00000357,hurricane-harvey,0.0,0.0,71.50657653808594,71.77890014648438,21.06571388244629,18.43125343322754,14.888129234313965
socal-fire_00000521,socal-fire,0.0,0.0,73.63982391357422,82.07215881347656,15.779267311096191,16.065980911254883,12.129593849182129
socal-fire_00001192,socal-fire,0.15950520833333334,0.15950520833333334,53.76179122924805,61.45113754272461,26.344573974609375,31.814075469970703,11.072953224182129
socal-fire_00000718,socal-fire,0.0,0.0,111.33781433105469,88.7756118774414,27.86330223083496,20.298137664794922,30.109952926635742
midwest-flooding_00000186,midwest-flooding,0.5442708333333334,0.5452473958333334,32.408382415771484,29.67740821838379,38.833282470703125,35.35175704956055,6.179615020751953
socal-fire_00000297,socal-fire,0.0,0.0,59.18142318725586,55.68630599975586,16.476238250732422,19.08857536315918,8.418004989624023
mexico-earthquake_00000120,mexico-earthquake,0.0,0.0,87.07949829101562,90.42488098144531,29.992450714111328,26.14353370666504,22.23318099975586
hurricane-florence_00000231,hurricane-florence,0.0,0.0,51.93185806274414,45.240013122558594,13.571181297302246,11.32802963256836,10.034577369689941
palu-tsunami_00000178,palu-tsunami,0.0,0.0,100.88735961914062,106.30689239501953,28.153587341308594,27.678604125976562,21.961624145507812
hurricane-matthew_00000215,hurricane-matthew,0.0,0.0,75.6544418334961,79.53114318847656,27.891376495361328,22.882640838623047,18.606372833251953
socal-fire_00000906,socal-fire,0.0,0.0,75.14623260498047,80.84696960449219,20.472379684448242,20.11700439453125,14.394892692565918
hurricane-michael_00000358,hurricane-michael,0.0,0.0,78.56423950195312,84.54979705810547,28.863346099853516,24.400943756103516,18.294885635375977
hurricane-harvey_00000272,hurricane-harvey,0.0,0.0,71.32891845703125,68.82975006103516,9.920692443847656,40.3980598449707,33.56882858276367
hurricane-florence_00000395,hurricane-florence,0.0,0.0,72.32722473144531,46.87922668457031,32.37933349609375,11.762048721313477,29.40603256225586
midwest-flooding_00000410,midwest-flooding,0.0,0.0,67.50557708740234,80.0924072265625,20.842504501342773,26.820066452026367,25.558557510375977
santa-rosa-wildfire_00000239,santa-rosa-wildfire,0.21875,0.2269965277777778,73.25824737548828,76.78053283691406,43.6272087097168,49.16144561767578,11.418620109558105
hurricane-florence_00000091,hurricane-florence,0.0,0.0,83.58815002441406,80.47262573242188,29.304738998413086,32.811824798583984,12.917823791503906
palu-tsunami_00000174,palu-tsunami,0.0,0.0,109.31802368164062,106.19856262207031,33.232017517089844,36.27105712890625,18.032732009887695
hurricane-florence_00000073,hurricane-florence,0.0,0.0,55.202144622802734,56.2175178527832,20.98197364807129,20.51849937438965,7.206416606903076
hurricane-michael_00000249,hurricane-michael,0.0,0.0,103.01179504394531,103.0330581665039,39.23457336425781,36.595848083496094,18.942636489868164
hurricane-matthew_00000379,hurricane-matthew,0.0,0.0,116.01634216308594,120.05313873291016,48.105037689208984,26.084997177124023,41.812103271484375
hurricane-florence_00000051,hurricane-florence,0.4166666666666667,0.4230685763888889,39.53664016723633,27.163665771484375,41.12545394897461,26.49877166748047,15.092303276062012
hurricane-michael_00000325,hurricane-michael,0.0,0.0,103.52043151855469,93.95565795898438,31.24164390563965,31.11737060546875,24.258861541748047
socal-fire_00000466,socal-fire,0.0,0.0,79.52962493896484,82.45989227294922,17.624969482421875,16.874128341674805,10.494935989379883
socal-fire_00000401,socal-fire,0.0,0.0,73.25263977050781,72.67162322998047,28.742351531982422,26.363924026489258,13.871527671813965
hurricane-florence_00000102,hurricane-florence,0.0,0.0,52.12492752075195,46.84172058105469,22.11529541015625,11.088144302368164,13.320167541503906
midwest-flooding_00000035,midwest-flooding,0.0,0.2287326388888889,59.10688018798828,42.32469177246094,18.24286460876465,34.266178131103516,28.68250846862793
socal-fire_00000522,socal-fire,0.0,0.0,79.44303131103516,78.81680297851562,32.566139221191406,36.97850799560547,16.155887603759766
hurricane-florence_00000304,hurricane-florence,0.0,0.0,79.47109985351562,69.2468490600586,18.613128662109375,14.625389099121094,15.998987197875977
hurricane-michael_00000078,hurricane-michael,0.0,0.0,85.64622497558594,85.3526840209961,29.130054473876953,23.72963523864746,16.798973083496094
socal-fire_00000089,socal-fire,0.0,0.0,68.0953369140625,68.13953399658203,20.196184158325195,23.357128143310547,8.667607307434082
socal-fire_00001302,socal-fire,0.08333333333333333,0.08604600694444445,72.6147232055664,86.13284301757812,33.112281799316406,44.25569534301758,17.08257293701172
hurricane-michael_00000228,hurricane-michael,0.0,0.0,90.38104248046875,92.27597045898438,29.49919319152832,36.51131057739258,16.922706604003906
socal-fire_00000141,socal-fire,0.0,0.0,63.67219924926758,73.69644165039062,16.91407585144043,20.69439697265625,15.568286895751953
midwest-flooding_00000100,midwest-flooding,0.3285590277777778,0.0,54.51504898071289,70.36627960205078,41.46312713623047,15.10600471496582,34.35383987426758
socal-fire_00000827,socal-fire,0.0,0.0,93.60616302490234,87.75050354003906,17.972599029541016,17.61280632019043,9.48643684387207
santa-rosa-wildfire_00000070,santa-rosa-wildfire,0.6880425347222222,0.6979166666666666,32.60597229003906,34.20283508300781,50.73779296875,53.60641860961914,4.093171119689941
socal-fire_00000076,socal-fire,0.3729383680555556,0.3758680555555556,55.962310791015625,55.644927978515625,48.82939529418945,47.456050872802734,7.285626411437988
hurricane-matthew_00000125,hurricane-matthew,0.0,0.0,88.03291320800781,88.6014175415039,27.167884826660156,24.071203231811523,21.212167739868164
socal-fire_00000036,socal-fire,0.0,0.0,54.616424560546875,53.647064208984375,20.156204223632812,19.510713577270508,6.047489643096924
palu-tsunami_00000087,palu-tsunami,0.0,0.0,93.89073181152344,97.71170043945312,21.604694366455078,23.286319732666016,14.501012802124023
hurricane-michael_00000170,hurricane-michael,0.0,0.0,101.15531158447266,95.77962493896484,35.73603057861328,35.30495834350586,15.240921974182129
hurricane-harvey_00000169,hurricane-harvey,0.0,0.0,90.97299194335938,92.27075958251953,25.44626808166504,34.65054702758789,14.3857421875
santa-rosa-wildfire_00000231,santa-rosa-wildfire,0.0,0.0,88.86700439453125,90.63996887207031,20.30697250366211,19.94206428527832,11.68478775024414
hurricane-florence_00000516,hurricane-florence,0.0,0.0,57.29600524902344,50.60185241699219,22.59813117980957,23.514659881591797,20.36219596862793
palu-tsunami_00000177,palu-tsunami,0.0,0.0,101.45081329345703,101.48223876953125,32.354286193847656,35.74729537963867,16.84602928161621
palu-tsunami_00000132,palu-tsunami,0.8020833333333334,0.8020833333333334,18.471389770507812,18.60362434387207,39.955013275146484,39.71100997924805,3.180483102798462
hurricane-matthew_00000346,hurricane-matthew,0.3856336805555556,0.3883463541666667,54.51483154296875,54.77962112426758,50.66706466674805,47.815433502197266,13.582356452941895
mexico-earthquake_00000059,mexico-earthquake,0.0,0.0,100.43463897705078,101.84505462646484,33.42281723022461,31.1835994720459,16.160770416259766
hurricane-florence_00000049,hurricane-florence,0.0,0.0,49.475257873535156,47.61100387573242,22.023733139038086,9.428661346435547,12.95323371887207
socal-fire_00000770,socal-fire,0.0,0.0,92.64656066894531,93.18032836914062,30.290281295776367,30.49639892578125,10.297308921813965
socal-fire_00000608,socal-fire,0.0,0.0,100.78707885742188,98.75456237792969,30.026060104370117,30.06548309326172,9.643193244934082
socal-fire_00000636,socal-fire,0.0,0.0,58.92729949951172,54.26518630981445,14.095077514648438,16.360307693481445,10.831669807434082
palu-tsunami_00000121,palu-tsunami,0.0,0.0,107.20258331298828,115.36186981201172,38.08744812011719,45.87055969238281,18.809316635131836
hurricane-harvey_00000323,hurricane-harvey,0.5104166666666666,0.5059678819444444,34.33977127075195,17.165836334228516,35.80893325805664,19.39069366455078,17.658889770507812
palu-tsunami_00000152,palu-tsunami,0.0,0.0,99.39738464355469,97.95626831054688,22.538881301879883,25.95148468017578,14.747901916503906
socal-fire_00000087,socal-fire,0.0,0.0,69.2896728515625,67.69661712646484,20.621986389160156,20.48752212524414,7.816659450531006
santa-rosa-wildfire_00000226,santa-rosa-wildfire,0.0,0.0,69.0903549194336,85.93325805664062,16.286779403686523,26.017108917236328,24.773908615112305
hurricane-florence_00000132,hurricane-florence,0.0,0.0,48.827110290527344,54.46780776977539,14.179436683654785,17.86717987060547,14.614655494689941
socal-fire_00001383,socal-fire,0.0,0.0,85.96810913085938,83.46437072753906,18.874692916870117,20.3690185546875,11.241789817810059
hurricane-florence_00000300,hurricane-florence,0.0,0.0,72.74815368652344,54.70851516723633,21.95359230041504,24.434406280517578,20.73784637451172
hurricane-matthew_00000363,hurricane-matthew,0.0,0.0,109.14083862304688,84.27944946289062,41.8383674621582,24.02717399597168,40.946903228759766
hurricane-michael_00000192,hurricane-michael,0.0,0.0,85.11505126953125,89.27578735351562,27.14632225036621,25.92090606689453,17.019676208496094
hurricane-florence_00000332,hurricane-florence,0.0,0.0,57.24591064453125,53.72670364379883,18.26674461364746,22.110206604003906,8.553565979003906
socal-fire_00000301,socal-fire,0.0,0.0,98.58618927001953,98.85122680664062,27.129568099975586,27.57872200012207,12.893879890441895
midwest-flooding_00000217,midwest-flooding,0.0,0.0,78.40065002441406,72.29561614990234,24.890602111816406,23.81488037109375,15.492259979248047
socal-fire_00001255,socal-fire,0.572265625,0.5706380208333334,41.9445915222168,37.512081146240234,52.732791900634766,48.58369445800781,6.888309955596924
midwest-flooding_00000125,midwest-flooding,0.0,0.0,62.77647399902344,65.84798431396484,17.917430877685547,23.030290603637695,10.903031349182129
palu-tsunami_00000051,palu-tsunami,0.0,0.0,97.30291748046875,97.42953491210938,36.297584533691406,34.63546371459961,13.927046775817871
socal-fire_00000998,socal-fire,0.0,0.0,59.34486770629883,62.05096435546875,22.436927795410156,21.729537963867188,13.776909828186035
hurricane-florence_00000478,hurricane-florence,0.0,0.0,73.41015625,73.36465454101562,21.205171585083008,21.81292724609375,15.20985221862793
hurricane-harvey_00000336,hurricane-harvey,0.3770616319444444,0.3723958333333333,58.60955047607422,44.16500473022461,52.01008224487305,36.409820556640625,17.79416275024414
mexico-earthquake_00000151,mexico-earthquake,0.0,0.0,100.62322235107422,96.34111022949219,28.88580894470215,25.261930465698242,18.94314193725586
hurricane-harvey_00000026,hurricane-harvey,0.0,0.0,81.62539672851562,86.22714233398438,20.705631256103516,24.000446319580078,17.819625854492188
hurricane-michael_00000036,hurricane-michael,0.0,0.0,86.01596069335938,96.5974349975586,32.52076721191406,22.829967498779297,21.894277572631836
hurricane-harvey_00000115,hurricane-harvey,0.0,0.0,79.75202941894531,77.68742370605469,21.447933197021484,22.92914390563965,14.148365020751953
socal-fire_00000747,socal-fire,0.1720920138888889,0.17881944444444445,52.97685241699219,53.280452728271484,28.70897102355957,29.972801208496094,7.779730796813965
hurricane-michael_00000521,hurricane-michael,0.0,0.0,90.0271987915039,83.0210189819336,27.148658752441406,25.766773223876953,12.705041885375977
socal-fire_00000442,socal-fire,0.0,0.0,97.58406066894531,100.71137237548828,25.107013702392578,26.906553268432617,13.860532760620117
hurricane-harvey_00000147,hurricane-harvey,0.0,0.0,92.48625183105469,88.8696060180664,34.417083740234375,39.46279525756836,19.539461135864258
socal-fire_00000938,socal-fire,0.0,0.0,71.16605377197266,65.96451568603516,28.937841415405273,27.167739868164062,16.58962631225586
hurricane-michael_00000347,hurricane-michael,0.0,0.0,85.12774658203125,90.04843139648438,28.735288619995117,30.299163818359375,22.160842895507812
hurricane-michael_00000361,hurricane-michael,0.0,0.0,94.90925598144531,86.17915344238281,33.605098724365234,32.647029876708984,16.484085083007812
hurricane-harvey_00000123,hurricane-harvey,0.0,0.0,99.78230285644531,97.04340362548828,33.23027420043945,36.002681732177734,20.84885025024414
midwest-flooding_00000385,midwest-flooding,0.0,0.0,67.96513366699219,66.41336822509766,12.297416687011719,11.652591705322266,9.586118698120117
hurricane-harvey_00000451,hurricane-harvey,0.0,0.0,80.98690795898438,73.78005981445312,20.89140510559082,18.986621856689453,16.430301666259766
socal-fire_00001243,socal-fire,0.0,0.0,98.296875,90.5190200805664,19.62678337097168,27.10457992553711,19.46614646911621
santa-rosa-wildfire_00000185,santa-rosa-wildfire,0.0,0.0,107.2729721069336,112.53768920898438,18.678213119506836,23.312711715698242,11.497794151306152
hurricane-harvey_00000288,hurricane-harvey,0.0,0.0,83.60774230957031,102.2319107055664,8.936259269714355,36.71597671508789,37.00589370727539
socal-fire_00000268,socal-fire,0.0,0.0,80.99859619140625,75.4112777709961,26.187976837158203,20.8364315032959,15.29578971862793
socal-fire_00000488,socal-fire,0.0,0.0,88.68778228759766,83.34494018554688,30.91228675842285,23.01957130432129,17.901077270507812
hurricane-florence_00000085,hurricane-florence,0.0,0.0,54.822227478027344,58.60452651977539,22.683837890625,23.965362548828125,17.76811981201172
socal-fire_00001196,socal-fire,0.0,0.0,101.61241912841797,98.7591552734375,21.267410278320312,27.508392333984375,12.483832359313965
socal-fire_00000346,socal-fire,0.0,0.0,75.28646087646484,78.46759033203125,25.684003829956055,21.640226364135742,15.093822479248047
socal-fire_00001170,socal-fire,0.0,0.0,64.39163970947266,62.61082077026367,27.42856788635254,28.395225524902344,11.945023536682129
hurricane-harvey_00000119,hurricane-harvey,0.0,0.0,98.19480895996094,98.07064056396484,28.72113609313965,32.643798828125,14.201208114624023
hurricane-florence_00000064,hurricane-florence,0.0,0.0,57.73708724975586,44.87030029296875,28.947357177734375,17.978805541992188,15.20041275024414
mexico-earthquake_00000129,mexico-earthquake,0.0,0.0,94.7804183959961,98.06951904296875,30.875219345092773,26.814388275146484,21.821578979492188
midwest-flooding_00000313,midwest-flooding,0.0,0.0,82.85879516601562,86.05382537841797,22.3848934173584,33.8885383605957,16.690393447875977
hurricane-michael_00000539,hurricane-michael,0.0,0.0,97.05679321289062,95.05769348144531,38.469486236572266,38.0590934753418,11.591109275817871
socal-fire_00000480,socal-fire,0.0,0.0,98.95457458496094,92.44024658203125,19.521514892578125,14.931936264038086,12.98936653137207
socal-fire_00001261,socal-fire,0.0,0.0,82.5821762084961,89.84487915039062,27.948423385620117,30.248388290405273,17.21755599975586
hurricane-florence_00000497,hurricane-florence,0.0,0.0,58.97631072998047,22.676830291748047,26.674989700317383,8.254242897033691,36.44140625
santa-rosa-wildfire_00000309,santa-rosa-wildfire,0.0,0.0,88.20789337158203,90.5408706665039,22.743833541870117,19.787506103515625,11.269386291503906
hurricane-matthew_00000242,hurricane-matthew,0.0,0.0,74.69805908203125,71.41861724853516,18.39072608947754,18.61006736755371,17.085647583007812
socal-fire_00000057,socal-fire,0.0,0.0,70.68626403808594,72.0496597290039,27.274690628051758,25.575773239135742,9.014286994934082
hurricane-michael_00000528,hurricane-michael,0.0,0.0,81.90658569335938,85.38751983642578,30.991655349731445,33.55992126464844,18.61794662475586
midwest-flooding_00000244,midwest-flooding,0.17154947916666666,0.17371961805555555,54.699440002441406,49.74178695678711,34.601226806640625,27.4245548248291,13.864185333251953
hurricane-matthew_00000170,hurricane-matthew,0.0,0.0,86.39915466308594,88.63223266601562,23.934663772583008,22.76824378967285,19.87565040588379
hurricane-michael_00000241,hurricane-michael,0.0,0.0,101.52513885498047,98.86610412597656,34.82411193847656,34.84029006958008,18.86556053161621
hurricane-harvey_00000435,hurricane-harvey,0.0,0.0,109.01331329345703,89.17947387695312,24.175813674926758,23.58493423461914,23.528573989868164
midwest-flooding_00000005,midwest-flooding,0.0,0.0,78.35000610351562,87.26764678955078,17.49844741821289,17.163902282714844,17.648836135864258
santa-rosa-wildfire_00000081,santa-rosa-wildfire,0.0,0.0,76.69929504394531,87.2589340209961,28.783021926879883,19.803516387939453,24.57367706298828
hurricane-florence_00000192,hurricane-florence,0.0,0.0,54.44205856323242,49.20721435546875,20.18474006652832,18.902111053466797,18.040401458740234
hurricane-michael_00000461,hurricane-michael,0.0,0.0,93.81423950195312,90.57024383544922,34.17720413208008,36.9809684753418,13.679542541503906
santa-rosa-wildfire_00000229,santa-rosa-wildfire,0.0,0.0,60.78407287597656,57.84790802001953,22.16221046447754,16.402280807495117,17.952871322631836
hurricane-florence_00000536,hurricane-florence,0.0,0.0,91.95486450195312,55.12579345703125,26.535831451416016,15.044523239135742,38.50774002075195
hurricane-harvey_00000312,hurricane-harvey,0.0,0.0,81.16370391845703,73.65596008300781,16.70037078857422,39.694740295410156,32.985748291015625
palu-tsunami_00000040,palu-tsunami,0.4429253472222222,0.0,48.62149429321289,96.01811981201172,45.730796813964844,21.931732177734375,51.82024002075195
socal-fire_00001285,socal-fire,0.0,0.0,99.54279327392578,95.40987396240234,24.24223518371582,26.633907318115234,14.215313911437988
santa-rosa-wildfire_00000281,santa-rosa-wildfire,0.0,0.0,103.46151733398438,100.7037353515625,27.49764633178711,29.908449172973633,16.891963958740234
socal-fire_00000094,socal-fire,0.0,0.0,63.87044143676758,68.6011962890625,17.04939842224121,16.315105438232422,7.75499153137207
hurricane-michael_00000104,hurricane-michael,0.0,0.0,81.42842102050781,121.20052337646484,24.195270538330078,48.187984466552734,51.15910720825195
santa-rosa-wildfire_00000254,santa-rosa-wildfire,0.0,0.0,96.03729248046875,89.91659545898438,25.741025924682617,31.698022842407227,32.95193099975586
santa-rosa-wildfire_00000161,santa-rosa-wildfire,0.0,0.0,93.40324401855469,102.20403289794922,22.816757202148438,25.076398849487305,17.10329818725586
palu-tsunami_00000108,palu-tsunami,0.0,0.0,105.84038543701172,100.74114227294922,27.428529739379883,33.30895233154297,18.217159271240234
midwest-flooding_00000150,midwest-flooding,0.0,0.0,71.61660766601562,59.78508758544922,17.163856506347656,19.233436584472656,19.450666427612305
palu-tsunami_00000023,palu-tsunami,0.0,0.0,93.99735260009766,94.62865447998047,28.575634002685547,28.593944549560547,16.617332458496094
hurricane-michael_00000081,hurricane-michael,0.0,0.0,103.31890106201172,99.60459899902344,38.82767868041992,40.38981628417969,20.772171020507812
hurricane-michael_00000505,hurricane-michael,0.0,0.0,98.7584228515625,95.3631820678711,45.48161697387695,43.98330307006836,19.19292449951172
socal-fire_00000679,socal-fire,0.048285590277777776,0.056098090277777776,87.20240020751953,77.48253631591797,38.38495635986328,29.115068435668945,16.42588996887207
socal-fire_00000628,socal-fire,0.0,0.0,96.01113891601562,89.58496856689453,26.67469596862793,26.712669372558594,13.373589515686035
hurricane-michael_00000234,hurricane-michael,0.0,0.0,75.4145278930664,72.74974822998047,28.614395141601562,29.19308090209961,15.816695213317871
socal-fire_00000505,socal-fire,0.3343098958333333,0.3333333333333333,52.938838958740234,47.089447021484375,42.34083938598633,37.485595703125,10.84266471862793
santa-rosa-wildfire_00000357,santa-rosa-wildfire,0.0,0.0,110.7146224975586,94.43022155761719,27.188480377197266,23.740156173706055,26.11968231201172
hurricane-michael_00000427,hurricane-michael,0.0,0.0,80.58937072753906,84.63046264648438,28.964204788208008,26.473190307617188,15.995369911193848
hurricane-florence_00000388,hurricane-florence,0.0,0.0,66.97041320800781,68.8851318359375,21.87058448791504,17.69888687133789,20.25954818725586
hurricane-michael_00000409,hurricane-michael,0.0,0.0,84.47315979003906,79.1123046875,33.42338943481445,38.288665771484375,17.534469604492188
hurricane-matthew_00000212,hurricane-matthew,0.0,0.0,82.92562866210938,87.28916931152344,26.71653938293457,16.678064346313477,20.39984893798828
hurricane-harvey_00000152,hurricane-harvey,0.0,0.0,81.5919418334961,90.79893493652344,25.02606964111328,39.24260711669922,21.750831604003906
hurricane-michael_00000142,hurricane-michael,0.0,0.0,91.22721099853516,89.40292358398438,28.347570419311523,25.0197696685791,13.718894958496094
hurricane-michael_00000205,hurricane-michael,0.0,0.0,95.11418151855469,90.83032989501953,28.864362716674805,26.735254287719727,20.13389778137207
socal-fire_00000391,socal-fire,0.0,0.1228298611111111,69.61295318603516,63.20005416870117,22.89539909362793,33.067832946777344,19.03841209411621
hurricane-harvey_00000077,hurricane-harvey,0.0,0.0,73.67447662353516,71.50936889648438,23.33734130859375,25.094778060913086,18.776294708251953
socal-fire_00000525,socal-fire,0.0,0.0,116.55824279785156,92.85840606689453,24.245628356933594,27.279098510742188,30.524919509887695
hurricane-harvey_00000438,hurricane-harvey,0.004231770833333333,0.004123263888888889,83.19813537597656,83.23788452148438,31.56389617919922,31.748672485351562,17.165544509887695
hurricane-harvey_00000157,hurricane-harvey,0.0,0.0,67.09092712402344,72.36958312988281,7.639867305755615,9.457743644714355,9.444154739379883
hurricane-harvey_00000049,hurricane-harvey,0.0,0.0,88.0669174194336,79.54984283447266,9.318217277526855,37.387794494628906,32.796077728271484
midwest-flooding_00000030,midwest-flooding,0.0,0.2536892361111111,92.54940795898438,67.31314849853516,22.60674285888672,53.54098892211914,43.52047348022461
hurricane-michael_00000362,hurricane-michael,0.0,0.0,88.79955291748047,95.69585418701172,24.822113037109375,29.31824493408203,22.53157615661621
midwest-flooding_00000201,midwest-flooding,0.0,0.0,66.841796875,68.03392791748047,19.895544052124023,19.616456985473633,12.359663963317871
palu-tsunami_00000191,palu-tsunami,0.0,0.0,77.57540893554688,89.31763458251953,22.39324188232422,27.121448516845703,18.72428321838379
socal-fire_00000073,socal-fire,0.1489800347222222,0.1488715277777778,50.0979118347168,51.225765228271484,28.518524169921875,27.628393173217773,5.353551864624023
socal-fire_00000564,socal-fire,0.4673394097222222,0.4640842013888889,37.7824821472168,47.601959228515625,36.62254333496094,45.57381057739258,10.150788307189941
hurricane-harvey_00000218,hurricane-harvey,0.12858072916666666,0.13465711805555555,68.16930389404297,49.82432556152344,30.70010757446289,36.08780288696289,29.280454635620117
hurricane-matthew_00000039,hurricane-matthew,0.0,0.0,125.42801666259766,89.32581329345703,53.141475677490234,21.548145294189453,47.06589889526367
socal-fire_00001133,socal-fire,0.12152777777777778,0.10872395833333333,92.4701919555664,77.43749237060547,44.79005432128906,37.72248077392578,24.96028709411621
hurricane-florence_00000023,hurricane-florence,0.0,0.0,53.12742614746094,44.86212158203125,25.449710845947266,13.115769386291504,12.274269104003906
santa-rosa-wildfire_00000073,santa-rosa-wildfire,0.0,0.0,93.73351287841797,100.90107727050781,35.337501525878906,22.864940643310547,24.67914581298828
hurricane-matthew_00000268,hurricane-matthew,0.0,0.0,140.09986877441406,80.11588287353516,60.549842834472656,20.40297508239746,66.89253997802734
mexico-earthquake_00000074,mexico-earthquake,0.0,0.0,88.53009796142578,91.96733093261719,27.054956436157227,23.26662254333496,16.904983520507812
socal-fire_00001396,socal-fire,0.0,0.0,65.95681762695312,70.29553985595703,21.024564743041992,26.41180992126465,14.53635025024414
hurricane-matthew_00000221,hurricane-matthew,0.0,0.0,89.32504272460938,96.68655395507812,33.856319427490234,31.392690658569336,26.292282104492188
socal-fire_00000560,socal-fire,0.0,0.0,72.26261901855469,77.62348175048828,19.578882217407227,23.011228561401367,11.179506301879883
hurricane-florence_00000319,hurricane-florence,0.0,0.0,68.54361724853516,62.85781478881836,19.916358947753906,25.961402893066406,14.491355895996094
hurricane-florence_00000290,hurricane-florence,0.0,0.0,77.32475280761719,76.93109893798828,19.304258346557617,23.48111915588379,10.958044052124023
hurricane-florence_00000522,hurricane-florence,0.0,0.0,74.18544006347656,61.12095260620117,36.01584243774414,32.381385803222656,19.159107208251953
hurricane-florence_00000048,hurricane-florence,0.0,0.0,61.43684768676758,44.287330627441406,29.391382217407227,12.080971717834473,22.449073791503906
hurricane-florence_00000115,hurricane-florence,0.0,0.0,69.37097930908203,58.32215881347656,27.100383758544922,27.31941795349121,15.196325302124023
hurricane-harvey_00000337,hurricane-harvey,0.0,0.0,67.64981079101562,73.4464340209961,20.428470611572266,55.28144454956055,42.89738845825195
socal-fire_00000577,socal-fire,0.0,0.0,80.42765808105469,71.63700866699219,22.071144104003906,20.626195907592773,13.114583015441895
hurricane-florence_00000455,hurricane-florence,0.0,0.0,67.6310043334961,72.21448516845703,25.866397857666016,21.511077880859375,15.143012046813965
socal-fire_00000752,socal-fire,0.0,0.0,96.94857788085938,94.96748352050781,35.108863830566406,34.68671417236328,12.44737434387207
hurricane-michael_00000292,hurricane-michael,0.0,0.0,99.23817443847656,95.76324462890625,33.92619705200195,31.049785614013672,21.19455337524414
socal-fire_00000543,socal-fire,0.0,0.0,74.68348693847656,73.81051635742188,16.3121395111084,22.29340362548828,12.330078125
socal-fire_00000514,socal-fire,0.0,0.0,87.1258316040039,90.98169708251953,24.856861114501953,24.21119499206543,14.115270614624023
socal-fire_00000199,socal-fire,0.0,0.0,70.51895141601562,68.81381225585938,26.589101791381836,24.440073013305664,6.214047908782959
midwest-flooding_00000356,midwest-flooding,0.0,0.0,62.75118637084961,62.57244873046875,22.164695739746094,21.78711700439453,11.660301208496094
socal-fire_00000536,socal-fire,0.0,0.0,83.95750427246094,77.7131118774414,14.742402076721191,13.0884428024292,12.841978073120117
hurricane-florence_00000251,hurricane-florence,0.0,0.0,58.36368179321289,45.652488708496094,28.096553802490234,20.3477725982666,15.180953025817871
santa-rosa-wildfire_00000055,santa-rosa-wildfire,0.0,0.0,80.37596893310547,63.63938903808594,24.188623428344727,19.450803756713867,25.48643684387207
socal-fire_00000672,socal-fire,0.0,0.0,77.3056640625,81.34480285644531,22.574695587158203,27.29790496826172,12.640552520751953
midwest-flooding_00000087,midwest-flooding,0.0,0.0,63.11042785644531,61.88621139526367,16.22130584716797,14.110159873962402,10.050745010375977
socal-fire_00001297,socal-fire,0.0,0.0,84.17975616455078,97.24244689941406,30.935317993164062,31.41480255126953,18.661928176879883
socal-fire_00000958,socal-fire,0.0,0.0,78.95088958740234,84.5848159790039,22.29166030883789,15.7630033493042,14.530128479003906
socal-fire_00000693,socal-fire,0.08430989583333333,0.09049479166666667,66.00774383544922,66.13870239257812,32.578922271728516,28.448932647705078,12.618236541748047
hurricane-florence_00000218,hurricane-florence,0.0,0.0,46.77249526977539,44.15665054321289,19.862510681152344,8.072269439697266,14.964228630065918
hurricane-michael_00000359,hurricane-michael,0.0,0.0,82.55104064941406,89.10330200195312,25.189720153808594,25.359153747558594,22.405996322631836
hurricane-harvey_00000521,hurricane-harvey,0.0,0.0,71.11050415039062,84.42562866210938,20.08377456665039,31.72422981262207,25.331632614135742
hurricane-michael_00000009,hurricane-michael,0.0,0.0,85.90705108642578,86.01905822753906,31.72292709350586,32.53470230102539,19.561378479003906
socal-fire_00000537,socal-fire,0.0,0.0,90.51207733154297,93.2602310180664,40.91374588012695,46.67872619628906,16.687971115112305
hurricane-harvey_00000085,hurricane-harvey,0.2690972222222222,0.2635633680555556,76.9375,78.6640625,54.155364990234375,57.73773193359375,16.222946166992188
palu-tsunami_00000057,palu-tsunami,0.0,0.0,88.59342193603516,85.47305297851562,34.897979736328125,36.33978271484375,17.028791427612305
socal-fire_00000169,socal-fire,0.0,0.0,59.41015625,54.94527816772461,14.577452659606934,17.755727767944336,7.438693523406982
socal-fire_00001319,socal-fire,0.0,0.0,53.940391540527344,59.16023254394531,12.219850540161133,20.085500717163086,13.311993598937988
hurricane-michael_00000236,hurricane-michael,0.0,0.0,85.59147644042969,88.23311614990234,24.681549072265625,25.48744010925293,19.21614646911621
socal-fire_00000907,socal-fire,0.0,0.0,79.78829956054688,84.67665100097656,21.704269409179688,21.22801399230957,12.236002922058105
hurricane-florence_00000368,hurricane-florence,0.0,0.0,93.75694274902344,87.43424224853516,18.244792938232422,25.57784652709961,20.29231834411621
socal-fire_00000510,socal-fire,0.0,0.0,97.21607971191406,101.73213195800781,27.02920150756836,28.91999053955078,16.10460090637207
mexico-earthquake_00000046,mexico-earthquake,0.0,0.0,72.54340362548828,67.32110595703125,19.533103942871094,13.479970932006836,11.91319465637207
socal-fire_00000547,socal-fire,0.0,0.0,72.83633422851562,74.87615966796875,28.555988311767578,20.393712997436523,20.284975051879883
hurricane-florence_00000297,hurricane-florence,0.6166449652777778,0.6238064236111112,26.324472427368164,24.757125854492188,37.152374267578125,36.36822509765625,6.322916507720947
socal-fire_00001129,socal-fire,0.0,0.0,83.63834381103516,87.15625,34.01359176635742,28.674890518188477,15.218352317810059
santa-rosa-wildfire_00000096,santa-rosa-wildfire,0.0,0.0,100.6651840209961,100.9790267944336,32.50297546386719,30.108741760253906,16.60080337524414
hurricane-harvey_00000178,hurricane-harvey,0.0,0.11664496527777778,91.90219116210938,84.63833618164062,30.900020599365234,48.918785095214844,29.47732162475586
socal-fire_00000789,socal-fire,0.0,0.0,36.53938674926758,39.68471145629883,2.1540355682373047,2.085571527481079,3.2169415950775146
socal-fire_00000988,socal-fire,0.5891927083333334,0.5885416666666666,40.97334289550781,35.649192810058594,51.158111572265625,48.487361907958984,8.677734375
hurricane-harvey_00000242,hurricane-harvey,0.0,0.0,89.67086791992188,87.94682312011719,25.334684371948242,27.991458892822266,14.395255088806152
socal-fire_00000079,socal-fire,0.0,0.0,68.89431762695312,68.02781677246094,24.452627182006836,28.52935791015625,12.55739974975586
hurricane-florence_00000256,hurricane-florence,0.0,0.0,72.65520477294922,71.12731170654297,26.592121124267578,21.551292419433594,20.186668395996094
mexico-earthquake_00000122,mexico-earthquake,0.0,0.0,100.85315704345703,90.90555572509766,29.245447158813477,24.394174575805664,21.82215690612793
hurricane-michael_00000462,hurricane-michael,0.0,0.0,60.88361358642578,96.64149475097656,21.93939971923828,29.157052993774414,38.20515060424805
hurricane-florence_00000441,hurricane-florence,0.0,0.0,46.18565368652344,49.226524353027344,20.846588134765625,13.132126808166504,15.547670364379883
hurricane-harvey_00000109,hurricane-harvey,0.0,0.0,75.58777618408203,79.87847137451172,19.96135711669922,26.150386810302734,17.199254989624023
hurricane-michael_00000357,hurricane-michael,0.0,0.0,86.72877502441406,86.48983764648438,28.060054779052734,30.5018310546875,20.182435989379883
midwest-flooding_00000359,midwest-flooding,0.0,0.0,71.76876831054688,68.43966674804688,26.999027252197266,26.261024475097656,14.78309440612793
hurricane-michael_00000548,hurricane-michael,0.0,0.0,109.06983947753906,92.93156433105469,31.119359970092773,31.13276481628418,20.315139770507812
mexico-earthquake_00000009,mexico-earthquake,0.0,0.010416666666666666,90.31918334960938,88.40719604492188,29.571941375732422,27.957826614379883,18.873228073120117
hurricane-harvey_00000313,hurricane-harvey,0.0,0.0,71.6700210571289,95.7880859375,8.419297218322754,41.77149200439453,44.16674041748047
hurricane-matthew_00000213,hurricane-matthew,0.0,0.0,86.95427703857422,83.37423706054688,25.26622200012207,20.413774490356445,21.475296020507812
socal-fire_00000779,socal-fire,0.0,0.0,72.38722229003906,69.95026397705078,28.90291976928711,26.204116821289062,14.868236541748047
hurricane-florence_00000420,hurricane-florence,0.0,0.0,58.65263366699219,63.98991012573242,19.080791473388672,12.553844451904297,13.151656150817871
socal-fire_00001162,socal-fire,0.0,0.0,92.45279693603516,97.10481262207031,23.00919532775879,25.821109771728516,12.299515724182129
hurricane-matthew_00000066,hurricane-matthew,0.0,0.0,78.11489868164062,88.65987396240234,27.954269409179688,20.3046875,19.270145416259766
hurricane-harvey_00000204,hurricane-harvey,0.0,0.0,66.3570556640625,64.37286376953125,18.048404693603516,15.2024564743042,14.882269859313965
socal-fire_00000996,socal-fire,0.0,0.0,92.50325775146484,86.20584106445312,26.162006378173828,25.771757125854492,23.5400390625
hurricane-florence_00000416,hurricane-florence,0.0,0.0,51.24558639526367,62.54991149902344,21.984872817993164,32.08086013793945,14.775824546813965
hurricane-harvey_00000271,hurricane-harvey,0.0,0.0,76.88404083251953,90.95008850097656,12.655010223388672,35.489952087402344,35.00788497924805
santa-rosa-wildfire_00000134,santa-rosa-wildfire,0.2708333333333333,0.28125,48.213504791259766,57.93952941894531,35.132568359375,39.911773681640625,12.480216026306152
santa-rosa-wildfire_00000009,santa-rosa-wildfire,0.0,0.0,98.41812133789062,80.35717010498047,38.867164611816406,22.75735092163086,33.9228515625
hurricane-florence_00000285,hurricane-florence,0.0,0.0,74.5811996459961,79.4293212890625,19.705270767211914,29.318710327148438,15.335105895996094
